row,column,issue
628,age,missing_value
304,age,missing_value
823,age,missing_value
453,age,missing_value
705,age,missing_value
962,age,missing_value
903,age,missing_value
219,age,missing_value
151,age,missing_value
974,age,missing_value
388,age,missing_value
352,age,missing_value
200,age,missing_value
534,age,missing_value
683,age,missing_value
114,age,missing_value
723,age,missing_value
914,age,missing_value
596,age,missing_value
802,age,missing_value
533,age,missing_value
799,age,missing_value
840,age,missing_value
129,age,missing_value
617,age,missing_value
582,age,missing_value
164,age,missing_value
183,age,missing_value
842,age,missing_value
221,age,missing_value
189,age,missing_value
935,age,missing_value
466,age,missing_value
471,age,missing_value
925,age,missing_value
825,age,missing_value
63,age,missing_value
689,age,missing_value
484,age,missing_value
489,age,missing_value
954,age,missing_value
526,age,missing_value
763,age,missing_value
299,age,missing_value
871,age,missing_value
839,age,missing_value
899,age,missing_value
399,age,missing_value
562,age,missing_value
102,age,missing_value
752,age,missing_value
726,age,missing_value
795,age,missing_value
949,age,missing_value
431,age,missing_value
929,age,missing_value
59,age,missing_value
626,age,missing_value
157,age,missing_value
357,age,missing_value
334,age,missing_value
415,age,missing_value
478,age,missing_value
344,age,missing_value
315,age,missing_value
373,age,missing_value
529,age,missing_value
703,age,missing_value
654,age,missing_value
636,age,missing_value
116,age,missing_value
267,age,missing_value
608,age,missing_value
141,age,missing_value
777,age,missing_value
638,age,missing_value
71,age,missing_value
23,age,missing_value
481,age,missing_value
717,age,missing_value
231,age,missing_value
434,age,missing_value
970,age,missing_value
709,age,missing_value
10,age,missing_value
750,age,missing_value
365,age,missing_value
249,age,missing_value
807,age,missing_value
507,age,missing_value
438,age,missing_value
369,age,missing_value
179,age,missing_value
171,age,missing_value
766,age,missing_value
476,age,missing_value
530,age,missing_value
237,age,missing_value
195,age,missing_value
845,age,missing_value
32,salary,missing_value
402,salary,missing_value
456,salary,missing_value
874,salary,missing_value
623,salary,missing_value
508,salary,missing_value
828,salary,missing_value
78,salary,missing_value
919,salary,missing_value
863,salary,missing_value
218,salary,missing_value
875,salary,missing_value
33,salary,missing_value
903,salary,missing_value
152,salary,missing_value
865,salary,missing_value
840,salary,missing_value
964,salary,missing_value
45,salary,missing_value
346,salary,missing_value
535,salary,missing_value
669,salary,missing_value
882,salary,missing_value
784,salary,missing_value
397,salary,missing_value
79,salary,missing_value
490,salary,missing_value
84,salary,missing_value
541,salary,missing_value
224,salary,missing_value
476,salary,missing_value
195,salary,missing_value
737,salary,missing_value
94,salary,missing_value
747,salary,missing_value
132,salary,missing_value
841,salary,missing_value
166,salary,missing_value
706,salary,missing_value
156,salary,missing_value
667,salary,missing_value
509,salary,missing_value
771,salary,missing_value
501,salary,missing_value
495,salary,missing_value
626,salary,missing_value
453,salary,missing_value
258,salary,missing_value
11,salary,missing_value
168,salary,missing_value
373,salary,missing_value
596,salary,missing_value
328,salary,missing_value
668,salary,missing_value
256,salary,missing_value
130,salary,missing_value
879,salary,missing_value
696,salary,missing_value
949,salary,missing_value
966,salary,missing_value
867,salary,missing_value
120,salary,missing_value
50,salary,missing_value
686,salary,missing_value
15,salary,missing_value
980,salary,missing_value
849,salary,missing_value
361,salary,missing_value
881,salary,missing_value
748,salary,missing_value
6,salary,missing_value
877,salary,missing_value
20,salary,missing_value
420,salary,missing_value
725,salary,missing_value
351,salary,missing_value
564,salary,missing_value
915,salary,missing_value
331,salary,missing_value
324,salary,missing_value
542,salary,missing_value
321,salary,missing_value
778,salary,missing_value
129,salary,missing_value
602,salary,missing_value
869,salary,missing_value
685,salary,missing_value
318,salary,missing_value
311,salary,missing_value
68,salary,missing_value
928,salary,missing_value
153,salary,missing_value
754,salary,missing_value
22,salary,missing_value
640,salary,missing_value
310,salary,missing_value
717,salary,missing_value
369,salary,missing_value
333,salary,missing_value
554,salary,missing_value
509,gender,missing_value
405,gender,missing_value
536,gender,missing_value
198,gender,missing_value
613,gender,missing_value
738,gender,missing_value
805,gender,missing_value
469,gender,missing_value
982,gender,missing_value
592,gender,missing_value
173,gender,missing_value
311,gender,missing_value
566,gender,missing_value
601,gender,missing_value
229,gender,missing_value
570,gender,missing_value
502,gender,missing_value
659,gender,missing_value
345,gender,missing_value
289,gender,missing_value
292,gender,missing_value
191,gender,missing_value
604,gender,missing_value
647,gender,missing_value
701,gender,missing_value
392,gender,missing_value
700,gender,missing_value
96,gender,missing_value
165,gender,missing_value
937,gender,missing_value
936,gender,missing_value
369,gender,missing_value
132,gender,missing_value
524,gender,missing_value
56,gender,missing_value
251,gender,missing_value
815,gender,missing_value
249,gender,missing_value
567,gender,missing_value
924,gender,missing_value
364,gender,missing_value
779,gender,missing_value
778,gender,missing_value
472,gender,missing_value
979,gender,missing_value
324,gender,missing_value
548,gender,missing_value
416,gender,missing_value
671,gender,missing_value
164,gender,missing_value
650,gender,missing_value
138,gender,missing_value
706,gender,missing_value
751,gender,missing_value
46,gender,missing_value
573,gender,missing_value
227,gender,missing_value
31,gender,missing_value
218,gender,missing_value
353,gender,missing_value
239,gender,missing_value
589,gender,missing_value
144,gender,missing_value
351,gender,missing_value
991,gender,missing_value
908,gender,missing_value
217,gender,missing_value
306,gender,missing_value
934,gender,missing_value
257,gender,missing_value
40,gender,missing_value
535,gender,missing_value
888,gender,missing_value
752,gender,missing_value
463,gender,missing_value
123,gender,missing_value
938,gender,missing_value
139,gender,missing_value
836,gender,missing_value
361,gender,missing_value
90,gender,missing_value
398,gender,missing_value
958,gender,missing_value
977,gender,missing_value
547,gender,missing_value
578,gender,missing_value
285,gender,missing_value
688,gender,missing_value
183,gender,missing_value
838,gender,missing_value
596,gender,missing_value
148,gender,missing_value
887,gender,missing_value
699,gender,missing_value
695,gender,missing_value
532,gender,missing_value
925,gender,missing_value
490,gender,missing_value
875,gender,missing_value
60,gender,missing_value
521,all,duplicate_row
737,all,duplicate_row
740,all,duplicate_row
660,all,duplicate_row
411,all,duplicate_row
678,all,duplicate_row
626,all,duplicate_row
513,all,duplicate_row
859,all,duplicate_row
136,all,duplicate_row
811,all,duplicate_row
76,all,duplicate_row
636,all,duplicate_row
973,all,duplicate_row
938,all,duplicate_row
899,all,duplicate_row
280,all,duplicate_row
883,all,duplicate_row
761,all,duplicate_row
319,all,duplicate_row
549,all,duplicate_row
174,all,duplicate_row
371,all,duplicate_row
527,all,duplicate_row
210,all,duplicate_row
235,all,duplicate_row
101,all,duplicate_row
986,all,duplicate_row
902,all,duplicate_row
947,all,duplicate_row
346,all,duplicate_row
139,all,duplicate_row
621,all,duplicate_row
499,all,duplicate_row
370,all,duplicate_row
198,all,duplicate_row
687,all,duplicate_row
584,all,duplicate_row
901,all,duplicate_row
59,all,duplicate_row
328,all,duplicate_row
96,all,duplicate_row
312,all,duplicate_row
974,all,duplicate_row
299,all,duplicate_row
277,all,duplicate_row
924,all,duplicate_row
601,all,duplicate_row
439,all,duplicate_row
837,all,duplicate_row
268,gender,categorical_inconsistency
59,gender,categorical_inconsistency
501,gender,categorical_inconsistency
30,gender,categorical_inconsistency
732,gender,categorical_inconsistency
579,gender,categorical_inconsistency
814,gender,categorical_inconsistency
420,gender,categorical_inconsistency
994,gender,categorical_inconsistency
414,gender,categorical_inconsistency
930,gender,categorical_inconsistency
800,gender,categorical_inconsistency
2,gender,categorical_inconsistency
287,gender,categorical_inconsistency
352,gender,categorical_inconsistency
373,gender,categorical_inconsistency
782,gender,categorical_inconsistency
52,gender,categorical_inconsistency
314,gender,categorical_inconsistency
737,gender,categorical_inconsistency
201,gender,categorical_inconsistency
721,gender,categorical_inconsistency
884,gender,categorical_inconsistency
767,gender,categorical_inconsistency
697,gender,categorical_inconsistency
951,gender,categorical_inconsistency
189,gender,categorical_inconsistency
634,gender,categorical_inconsistency
230,gender,categorical_inconsistency
773,gender,categorical_inconsistency
37,gender,categorical_inconsistency
464,gender,categorical_inconsistency
622,gender,categorical_inconsistency
956,gender,categorical_inconsistency
152,gender,categorical_inconsistency
618,gender,categorical_inconsistency
141,gender,categorical_inconsistency
1004,gender,categorical_inconsistency
603,gender,categorical_inconsistency
388,gender,categorical_inconsistency
95,gender,categorical_inconsistency
21,gender,categorical_inconsistency
452,gender,categorical_inconsistency
575,gender,categorical_inconsistency
114,gender,categorical_inconsistency
791,gender,categorical_inconsistency
14,gender,categorical_inconsistency
794,gender,categorical_inconsistency
663,gender,categorical_inconsistency
22,gender,categorical_inconsistency
34,gender,categorical_inconsistency
955,gender,categorical_inconsistency
244,gender,categorical_inconsistency
444,gender,categorical_inconsistency
952,gender,categorical_inconsistency
733,gender,categorical_inconsistency
808,gender,categorical_inconsistency
136,gender,categorical_inconsistency
563,gender,categorical_inconsistency
23,gender,categorical_inconsistency
858,gender,categorical_inconsistency
731,gender,categorical_inconsistency
661,gender,categorical_inconsistency
28,gender,categorical_inconsistency
775,gender,categorical_inconsistency
226,gender,categorical_inconsistency
961,gender,categorical_inconsistency
427,gender,categorical_inconsistency
1040,gender,categorical_inconsistency
483,gender,categorical_inconsistency
202,gender,categorical_inconsistency
450,gender,categorical_inconsistency
224,gender,categorical_inconsistency
792,gender,categorical_inconsistency
653,gender,categorical_inconsistency
1030,gender,categorical_inconsistency
711,gender,categorical_inconsistency
256,gender,categorical_inconsistency
944,gender,categorical_inconsistency
415,gender,categorical_inconsistency
850,gender,categorical_inconsistency
612,gender,categorical_inconsistency
539,gender,categorical_inconsistency
857,gender,categorical_inconsistency
16,gender,categorical_inconsistency
561,gender,categorical_inconsistency
263,gender,categorical_inconsistency
891,gender,categorical_inconsistency
346,gender,categorical_inconsistency
162,gender,categorical_inconsistency
862,gender,categorical_inconsistency
676,gender,categorical_inconsistency
605,gender,categorical_inconsistency
65,gender,categorical_inconsistency
674,gender,categorical_inconsistency
457,gender,categorical_inconsistency
1039,gender,categorical_inconsistency
499,gender,categorical_inconsistency
366,gender,categorical_inconsistency
506,gender,categorical_inconsistency
344,gender,categorical_inconsistency
242,gender,categorical_inconsistency
172,gender,categorical_inconsistency
1025,gender,categorical_inconsistency
422,gender,categorical_inconsistency
276,gender,categorical_inconsistency
271,gender,categorical_inconsistency
842,gender,categorical_inconsistency
780,gender,categorical_inconsistency
216,gender,categorical_inconsistency
222,gender,categorical_inconsistency
159,gender,categorical_inconsistency
66,gender,categorical_inconsistency
310,gender,categorical_inconsistency
966,gender,categorical_inconsistency
384,gender,categorical_inconsistency
963,gender,categorical_inconsistency
742,gender,categorical_inconsistency
641,gender,categorical_inconsistency
504,gender,categorical_inconsistency
538,gender,categorical_inconsistency
864,gender,categorical_inconsistency
503,gender,categorical_inconsistency
376,gender,categorical_inconsistency
474,gender,categorical_inconsistency
419,gender,categorical_inconsistency
223,gender,categorical_inconsistency
448,gender,categorical_inconsistency
370,gender,categorical_inconsistency
743,gender,categorical_inconsistency
20,gender,categorical_inconsistency
974,gender,categorical_inconsistency
950,gender,categorical_inconsistency
408,gender,categorical_inconsistency
5,gender,categorical_inconsistency
35,gender,categorical_inconsistency
467,gender,categorical_inconsistency
1020,gender,categorical_inconsistency
140,gender,categorical_inconsistency
49,gender,categorical_inconsistency
635,gender,categorical_inconsistency
461,gender,categorical_inconsistency
562,gender,categorical_inconsistency
678,gender,categorical_inconsistency
200,gender,categorical_inconsistency
319,gender,categorical_inconsistency
1006,gender,categorical_inconsistency
359,gender,categorical_inconsistency
296,gender,categorical_inconsistency
358,gender,categorical_inconsistency
492,gender,categorical_inconsistency
712,gender,categorical_inconsistency
318,gender,categorical_inconsistency
953,gender,categorical_inconsistency
686,gender,categorical_inconsistency
135,gender,categorical_inconsistency
736,gender,categorical_inconsistency
941,gender,categorical_inconsistency
101,gender,categorical_inconsistency
949,gender,categorical_inconsistency
137,gender,categorical_inconsistency
781,gender,categorical_inconsistency
316,gender,categorical_inconsistency
298,gender,categorical_inconsistency
465,gender,categorical_inconsistency
602,gender,categorical_inconsistency
807,gender,categorical_inconsistency
518,gender,categorical_inconsistency
723,gender,categorical_inconsistency
856,gender,categorical_inconsistency
6,gender,categorical_inconsistency
668,gender,categorical_inconsistency
108,gender,categorical_inconsistency
957,gender,categorical_inconsistency
99,gender,categorical_inconsistency
234,gender,categorical_inconsistency
61,gender,categorical_inconsistency
848,gender,categorical_inconsistency
347,gender,categorical_inconsistency
146,gender,categorical_inconsistency
876,gender,categorical_inconsistency
36,gender,categorical_inconsistency
510,gender,categorical_inconsistency
261,gender,categorical_inconsistency
190,name,whitespace_noise
643,name,whitespace_noise
244,name,whitespace_noise
144,name,whitespace_noise
500,name,whitespace_noise
698,name,whitespace_noise
1026,name,whitespace_noise
929,name,whitespace_noise
1013,name,whitespace_noise
882,name,whitespace_noise
418,name,whitespace_noise
679,name,whitespace_noise
360,name,whitespace_noise
746,name,whitespace_noise
253,name,whitespace_noise
507,name,whitespace_noise
683,name,whitespace_noise
400,name,whitespace_noise
107,name,whitespace_noise
713,name,whitespace_noise
94,name,whitespace_noise
450,name,whitespace_noise
986,name,whitespace_noise
294,name,whitespace_noise
543,name,whitespace_noise
860,name,whitespace_noise
703,name,whitespace_noise
422,name,whitespace_noise
205,name,whitespace_noise
439,name,whitespace_noise
988,name,whitespace_noise
475,name,whitespace_noise
751,name,whitespace_noise
1032,name,whitespace_noise
423,name,whitespace_noise
1022,name,whitespace_noise
567,name,whitespace_noise
155,name,whitespace_noise
603,name,whitespace_noise
1024,name,whitespace_noise
1027,name,whitespace_noise
948,name,whitespace_noise
135,name,whitespace_noise
970,name,whitespace_noise
467,name,whitespace_noise
201,name,whitespace_noise
36,name,whitespace_noise
733,name,whitespace_noise
794,name,whitespace_noise
262,name,whitespace_noise
572,name,whitespace_noise
648,name,whitespace_noise
451,name,whitespace_noise
344,name,whitespace_noise
1029,name,whitespace_noise
765,name,whitespace_noise
435,name,whitespace_noise
748,name,whitespace_noise
95,name,whitespace_noise
541,name,whitespace_noise
362,name,whitespace_noise
384,name,whitespace_noise
1034,name,whitespace_noise
40,name,whitespace_noise
141,name,whitespace_noise
85,name,whitespace_noise
761,name,whitespace_noise
947,name,whitespace_noise
772,name,whitespace_noise
818,name,whitespace_noise
271,name,whitespace_noise
365,name,whitespace_noise
707,name,whitespace_noise
945,name,whitespace_noise
571,name,whitespace_noise
1044,name,whitespace_noise
660,name,whitespace_noise
721,name,whitespace_noise
79,name,whitespace_noise
131,name,whitespace_noise
768,name,whitespace_noise
694,name,whitespace_noise
289,name,whitespace_noise
644,name,whitespace_noise
476,name,whitespace_noise
427,name,whitespace_noise
53,name,whitespace_noise
596,name,whitespace_noise
464,name,whitespace_noise
1011,name,whitespace_noise
806,name,whitespace_noise
552,name,whitespace_noise
112,name,whitespace_noise
1033,name,whitespace_noise
699,name,whitespace_noise
286,name,whitespace_noise
265,name,whitespace_noise
1047,name,whitespace_noise
378,name,whitespace_noise
18,name,whitespace_noise
381,name,whitespace_noise
444,name,whitespace_noise
635,name,whitespace_noise
544,name,whitespace_noise
706,name,whitespace_noise
80,name,whitespace_noise
338,name,whitespace_noise
434,name,whitespace_noise
117,name,whitespace_noise
222,name,whitespace_noise
766,name,whitespace_noise
174,name,whitespace_noise
32,name,whitespace_noise
778,name,whitespace_noise
957,name,whitespace_noise
672,name,whitespace_noise
333,name,whitespace_noise
22,name,whitespace_noise
493,name,whitespace_noise
509,name,whitespace_noise
221,name,whitespace_noise
369,name,whitespace_noise
773,name,whitespace_noise
412,name,whitespace_noise
59,name,whitespace_noise
896,name,whitespace_noise
852,name,whitespace_noise
1030,name,whitespace_noise
684,name,whitespace_noise
840,name,whitespace_noise
915,name,whitespace_noise
525,name,whitespace_noise
827,name,whitespace_noise
671,name,whitespace_noise
574,name,whitespace_noise
14,name,whitespace_noise
76,name,whitespace_noise
812,name,whitespace_noise
632,name,whitespace_noise
674,name,whitespace_noise
486,name,whitespace_noise
302,name,whitespace_noise
376,name,whitespace_noise
569,name,whitespace_noise
662,name,whitespace_noise
894,name,whitespace_noise
877,name,whitespace_noise
303,name,whitespace_noise
568,name,whitespace_noise
405,name,whitespace_noise
123,name,whitespace_noise
218,name,whitespace_noise
196,name,whitespace_noise
918,name,whitespace_noise
251,name,whitespace_noise
200,name,whitespace_noise
735,name,whitespace_noise
34,name,whitespace_noise
227,name,whitespace_noise
911,name,whitespace_noise
152,name,whitespace_noise
723,name,whitespace_noise
308,name,whitespace_noise
797,name,whitespace_noise
920,name,whitespace_noise
4,name,whitespace_noise
563,name,whitespace_noise
752,name,whitespace_noise
239,name,whitespace_noise
1020,name,whitespace_noise
876,name,whitespace_noise
592,name,whitespace_noise
192,name,whitespace_noise
1040,name,whitespace_noise
243,name,whitespace_noise
147,name,whitespace_noise
758,name,whitespace_noise
60,name,whitespace_noise
488,name,whitespace_noise
712,name,whitespace_noise
316,name,whitespace_noise
801,name,whitespace_noise
940,name,whitespace_noise
997,name,whitespace_noise
841,name,whitespace_noise
895,name,whitespace_noise
547,name,whitespace_noise
976,name,whitespace_noise
421,name,whitespace_noise
442,name,whitespace_noise
1002,name,whitespace_noise
607,name,whitespace_noise
279,name,whitespace_noise
529,name,whitespace_noise
629,name,whitespace_noise
399,name,whitespace_noise
781,name,whitespace_noise
249,name,whitespace_noise
164,name,whitespace_noise
264,name,whitespace_noise
790,name,whitespace_noise
359,name,whitespace_noise
339,name,whitespace_noise
1021,name,whitespace_noise
495,name,whitespace_noise
975,name,whitespace_noise
266,name,whitespace_noise
631,name,whitespace_noise
397,name,whitespace_noise
663,name,whitespace_noise
134,join_date,date_format_error
682,join_date,date_format_error
957,join_date,date_format_error
726,join_date,date_format_error
828,join_date,date_format_error
600,join_date,date_format_error
54,join_date,date_format_error
756,join_date,date_format_error
305,join_date,date_format_error
377,join_date,date_format_error
77,join_date,date_format_error
39,join_date,date_format_error
664,join_date,date_format_error
591,join_date,date_format_error
736,join_date,date_format_error
562,join_date,date_format_error
518,join_date,date_format_error
425,join_date,date_format_error
648,join_date,date_format_error
878,join_date,date_format_error
351,join_date,date_format_error
26,join_date,date_format_error
168,join_date,date_format_error
722,join_date,date_format_error
1001,join_date,date_format_error
649,join_date,date_format_error
67,join_date,date_format_error
1037,join_date,date_format_error
1033,join_date,date_format_error
433,join_date,date_format_error
410,join_date,date_format_error
537,join_date,date_format_error
1042,join_date,date_format_error
992,join_date,date_format_error
933,join_date,date_format_error
96,join_date,date_format_error
665,join_date,date_format_error
860,join_date,date_format_error
1005,join_date,date_format_error
637,join_date,date_format_error
852,join_date,date_format_error
982,join_date,date_format_error
278,join_date,date_format_error
861,join_date,date_format_error
572,join_date,date_format_error
367,join_date,date_format_error
416,join_date,date_format_error
214,join_date,date_format_error
911,join_date,date_format_error
75,join_date,date_format_error
884,join_date,date_format_error
262,join_date,date_format_error
818,join_date,date_format_error
497,join_date,date_format_error
810,join_date,date_format_error
293,join_date,date_format_error
505,join_date,date_format_error
628,join_date,date_format_error
448,join_date,date_format_error
856,join_date,date_format_error
543,join_date,date_format_error
2,join_date,date_format_error
707,join_date,date_format_error
250,join_date,date_format_error
467,join_date,date_format_error
684,join_date,date_format_error
758,join_date,date_format_error
244,join_date,date_format_error
670,join_date,date_format_error
788,join_date,date_format_error
376,join_date,date_format_error
888,join_date,date_format_error
1017,join_date,date_format_error
142,join_date,date_format_error
428,join_date,date_format_error
311,join_date,date_format_error
1039,join_date,date_format_error
768,join_date,date_format_error
796,join_date,date_format_error
631,join_date,date_format_error
389,join_date,date_format_error
720,join_date,date_format_error
491,join_date,date_format_error
522,join_date,date_format_error
460,join_date,date_format_error
300,join_date,date_format_error
703,join_date,date_format_error
240,join_date,date_format_error
516,join_date,date_format_error
306,join_date,date_format_error
12,join_date,date_format_error
16,join_date,date_format_error
1026,join_date,date_format_error
357,join_date,date_format_error
116,join_date,date_format_error
585,join_date,date_format_error
4,join_date,date_format_error
350,join_date,date_format_error
991,join_date,date_format_error
405,join_date,date_format_error
480,join_date,date_format_error
255,join_date,date_format_error
885,join_date,date_format_error
623,join_date,date_format_error
746,join_date,date_format_error
97,join_date,date_format_error
813,join_date,date_format_error
975,join_date,date_format_error
606,join_date,date_format_error
846,join_date,date_format_error
779,join_date,date_format_error
173,join_date,date_format_error
805,join_date,date_format_error
944,join_date,date_format_error
839,join_date,date_format_error
3,join_date,date_format_error
276,join_date,date_format_error
942,join_date,date_format_error
1022,join_date,date_format_error
1035,join_date,date_format_error
0,join_date,date_format_error
783,join_date,date_format_error
254,join_date,date_format_error
268,join_date,date_format_error
432,join_date,date_format_error
874,join_date,date_format_error
580,join_date,date_format_error
251,join_date,date_format_error
998,join_date,date_format_error
570,join_date,date_format_error
1029,join_date,date_format_error
434,join_date,date_format_error
778,join_date,date_format_error
349,join_date,date_format_error
321,join_date,date_format_error
411,join_date,date_format_error
429,join_date,date_format_error
13,join_date,date_format_error
754,join_date,date_format_error
188,join_date,date_format_error
504,join_date,date_format_error
177,join_date,date_format_error
69,join_date,date_format_error
782,join_date,date_format_error
822,join_date,date_format_error
948,join_date,date_format_error
59,join_date,date_format_error
742,join_date,date_format_error
642,join_date,date_format_error
531,join_date,date_format_error
494,join_date,date_format_error
24,join_date,date_format_error
1009,join_date,date_format_error
685,join_date,date_format_error
287,join_date,date_format_error
857,join_date,date_format_error
63,join_date,date_format_error
749,salary,outlier
199,salary,outlier
673,salary,outlier
35,salary,outlier
723,salary,outlier
4,salary,outlier
359,salary,outlier
694,salary,outlier
772,salary,outlier
219,salary,outlier
685,salary,outlier
483,salary,outlier
152,salary,outlier
489,salary,outlier
540,salary,outlier
517,salary,outlier
634,salary,outlier
497,salary,outlier
1014,salary,outlier
608,salary,outlier
317,salary,outlier
727,salary,outlier
255,salary,outlier
412,salary,outlier
867,salary,outlier
161,salary,outlier
325,salary,outlier
39,salary,outlier
390,salary,outlier
484,salary,outlier
400,salary,outlier
909,salary,outlier
960,salary,outlier
932,salary,outlier
459,salary,outlier
405,salary,outlier
552,salary,outlier
610,salary,outlier
967,salary,outlier
33,salary,outlier
310,salary,outlier
706,salary,outlier
485,salary,outlier
875,salary,outlier
1012,salary,outlier
187,salary,outlier
966,salary,outlier
240,salary,outlier
618,salary,outlier
304,salary,outlier
314,salary,outlier
476,salary,outlier
851,email,invalid_format
226,email,invalid_format
391,email,invalid_format
290,email,invalid_format
939,email,invalid_format
975,email,invalid_format
459,email,invalid_format
282,email,invalid_format
151,email,invalid_format
937,email,invalid_format
460,email,invalid_format
388,email,invalid_format
359,email,invalid_format
692,email,invalid_format
181,email,invalid_format
276,email,invalid_format
158,email,invalid_format
176,email,invalid_format
774,email,invalid_format
523,email,invalid_format
765,email,invalid_format
241,email,invalid_format
271,email,invalid_format
51,email,invalid_format
994,email,invalid_format
707,email,invalid_format
763,email,invalid_format
311,email,invalid_format
107,email,invalid_format
787,email,invalid_format
960,email,invalid_format
29,email,invalid_format
663,email,invalid_format
519,email,invalid_format
846,email,invalid_format
970,email,invalid_format
583,email,invalid_format
379,email,invalid_format
45,email,invalid_format
42,email,invalid_format
644,email,invalid_format
383,email,invalid_format
556,email,invalid_format
1019,email,invalid_format
998,email,invalid_format
805,email,invalid_format
659,email,invalid_format
712,email,invalid_format
247,email,invalid_format
588,email,invalid_format
665,email,invalid_format
791,email,invalid_format
650,email,invalid_format
569,email,invalid_format
843,email,invalid_format
928,email,invalid_format
758,email,invalid_format
139,email,invalid_format
1023,email,invalid_format
610,email,invalid_format
534,email,invalid_format
903,email,invalid_format
987,email,invalid_format
654,email,invalid_format
442,email,invalid_format
824,email,invalid_format
531,email,invalid_format
976,email,invalid_format
517,email,invalid_format
446,email,invalid_format
313,email,invalid_format
697,email,invalid_format
628,email,invalid_format
809,email,invalid_format
175,email,invalid_format
830,email,invalid_format
5,email,invalid_format
1040,email,invalid_format
545,email,invalid_format
299,email,invalid_format
877,email,invalid_format
44,email,invalid_format
983,email,invalid_format
1009,email,invalid_format
403,email,invalid_format
110,email,invalid_format
995,email,invalid_format
724,email,invalid_format
97,email,invalid_format
817,email,invalid_format
101,email,invalid_format
441,email,invalid_format
965,email,invalid_format
365,email,invalid_format
461,email,invalid_format
640,email,invalid_format
555,email,invalid_format
105,email,invalid_format
19,email,invalid_format
544,email,invalid_format
668,email,invalid_format
327,email,invalid_format
183,email,invalid_format
219,email,invalid_format
357,email,invalid_format
